{"camera_order": ["213322074048", "213322070131"], "R": [[-0.9937280608500819, -0.09129477853361313, -0.06457402335021589], [0.1072181232218921, -0.6138627329447418, -0.7820977043530992], [0.031761850259562324, -0.7841159407346028, 0.6198010780516425]], "T": [[0.044308513922280426], [0.3613030042783376], [0.2199731677511806]]}