{"camera_matrix": [[1248.1189162271692, 0.0, 552.4429922520028], [0.0, 1248.1189162271692, 580.0185434194569], [0.0, 0.0, 1.0]], "dist_coeff": [[0.11815195916594477], [-0.12818758817226789], [0.06502548697007196], [-0.03911534873432508], [-0.054472219779254746], [-0.09869205337462338], [0.13765351053630417], [-0.1398840929726501], [0.0], [0.0], [0.0], [0.0], [0.0], [0.0]]}