{"camera_matrix": [[1252.0762041667692, 0.0, 501.12158809461147], [0.0, 1252.0762041667692, 644.2931332858219], [0.0, 0.0, 1.0]], "dist_coeff": [[0.08008676894838307], [-0.17922226508701553], [0.05458972319379699], [-0.02964215888587443], [3.2827690426392104], [-0.08627886623428176], [-0.005877922994076027], [2.8791466976126614], [0.0], [0.0], [0.0], [0.0], [0.0], [0.0]]}